Dataset,DeLong_p,McNemar_p
REFUGE,0.9988669575610263,0.8824969025845955
PAPILA,0.9438551195082363,0.03421811831166603
