Dataset,Index,Pred,Label,Uncertainty
REFUGE,21,0.5314621494113263,0,0.0314621494113263
REFUGE,126,0.5464626721976518,0,0.046462672197651766
PAPILA,111,0.5121304585190458,0,0.012130458519045817
