Method,AUC,Sensitivity,Specificity,Accuracy,Precision,F1,ECE
ResNet50,0.9445920556747562,0.8737201365157894,0.8501628664467422,0.8616666666652306,0.8476821192024911,0.8605042011778942,0.21325420543088905
EfficientNet-B0,0.9694733796296297,0.8846153846125493,0.9236111111079042,0.9033333333318277,0.9261744966411873,0.9049180322841817,0.225183066410847
Deep+Struct (no UQ),0.9909085857182551,0.9508196721280301,0.9423728813527378,0.9466666666650889,0.9446254071630469,0.9477124177975619,0.244787794657466
H-UQ-MFF (with UQ),0.9968565727725698,0.9810725552019525,0.9717314487598172,0.9766666666650389,0.9749216300909878,0.9779874208805773,0.23374282096683965
