Dataset,Method,External_AUC
REFUGE,ResNet50,0.7737626888536601
REFUGE,EfficientNet-B0,0.8189821606772923
REFUGE,Deep+Struct (no UQ),0.8319020890170545
REFUGE,H-UQ-MFF (with UQ),0.8926265384030168
PAPILA,ResNet50,0.7525995267792062
PAPILA,EfficientNet-B0,0.7761891361707991
PAPILA,Deep+Struct (no UQ),0.8099771013717773
PAPILA,H-UQ-MFF (with UQ),0.853416151798288
